ts,soc_tctl_C,igpu_edge_C,igpu_power_W
1781714670,34.4,33.0,10.06
1781714675,36.9,34.0,18.04
1781714680,36.1,35.0,19.09
1781714685,37.0,35.0,21.04
1781714690,37.4,35.0,21.02
1781714695,37.9,36.0,22.09
1781714700,38.4,37.0,22.06
1781714705,38.8,37.0,23.01
1781714710,39.2,37.0,22.02
1781714715,39.6,38.0,21.02
1781714720,40.1,38.0,23.07
1781714725,40.6,39.0,22.08
1781714730,40.8,38.0,22.09
1781714735,41.4,39.0,22.03
1781714740,41.9,40.0,21.09
1781714745,42.0,40.0,20.09
1781714750,42.2,40.0,21.07
1781714755,42.5,40.0,20.07
1781714760,42.9,40.0,20.08
1781714765,43.1,41.0,21.07
1781714770,43.5,41.0,21.01
1781714775,43.8,41.0,20.02
1781714780,43.8,41.0,19.10
1781714785,44.1,41.0,20.02
1781714790,43.8,41.0,20.07
1781714795,43.5,40.0,20.09
1781714800,43.5,40.0,21.06
1781714805,43.1,40.0,21.03
1781714810,42.9,40.0,20.09
1781714815,42.6,40.0,21.04
1781714820,42.5,40.0,21.02
1781714825,42.1,39.0,21.06
1781714830,42.1,39.0,22.03
1781714835,41.6,39.0,20.06
1781714840,41.6,39.0,21.09
1781714845,41.6,39.0,21.06
1781714850,41.4,39.0,22.01
1781714855,41.4,39.0,22.10
1781714860,41.8,39.0,23.05
1781714865,41.2,39.0,21.05
1781714870,41.2,38.0,21.05
1781714875,41.1,39.0,20.08
1781714880,41.2,38.0,22.09
1781714885,40.9,39.0,21.01
1781714890,40.9,38.0,21.04
1781714895,40.8,39.0,23.02
1781714900,41.0,38.0,23.02
1781714905,40.9,38.0,22.10
1781714910,40.8,39.0,22.06
1781714915,40.8,38.0,22.07
1781714920,41.0,39.0,22.08
1781714925,41.0,39.0,23.02
1781714930,40.8,38.0,22.03
1781714935,40.6,38.0,22.06
1781714940,40.6,38.0,23.02
1781714945,40.8,38.0,23.04
1781714950,40.9,38.0,23.06
1781714955,40.8,38.0,24.01
1781714960,40.5,38.0,22.05
1781714965,40.8,38.0,22.07
1781714970,40.6,38.0,21.07
1781714975,40.6,38.0,21.04
1781714980,40.8,38.0,20.08
1781714985,40.5,38.0,20.05
1781714990,40.4,38.0,21.09
1781714995,40.4,38.0,21.05
1781715000,40.1,37.0,20.06
1781715005,40.1,37.0,20.08
1781715010,40.2,37.0,21.03
1781715015,40.0,37.0,20.07
1781715020,39.8,37.0,21.00
1781715025,40.1,37.0,20.05
1781715030,40.0,37.0,21.01
1781715035,40.0,37.0,20.09
1781715040,40.0,38.0,20.10
1781715045,40.0,37.0,20.05
1781715050,39.9,37.0,21.00
1781715055,39.9,37.0,20.07
1781715060,39.6,37.0,21.00
1781715065,39.9,37.0,20.09
1781715070,39.8,37.0,20.07
1781715076,39.6,37.0,20.09
1781715081,39.4,37.0,20.08
1781715086,39.8,37.0,20.08
1781715091,39.6,37.0,20.08
1781715096,39.8,37.0,20.08
1781715101,39.9,37.0,20.07
1781715106,39.8,37.0,21.07
1781715111,39.6,37.0,20.10
1781715116,39.6,37.0,20.07
1781715121,39.5,37.0,20.02
1781715126,39.4,37.0,20.08
1781715131,39.6,37.0,20.07
1781715136,39.4,37.0,20.00
1781715141,39.5,37.0,20.04
1781715146,39.4,36.0,20.05
1781715151,39.4,37.0,19.09
1781715156,39.4,37.0,20.07
1781715161,39.4,37.0,20.08
1781715166,39.1,37.0,20.06
1781715171,39.6,36.0,21.01
1781715176,39.5,37.0,20.05
1781715181,39.5,37.0,22.04
1781715186,39.4,37.0,20.06
1781715191,39.1,37.0,21.01
1781715196,39.5,37.0,21.04
1781715201,39.5,37.0,21.05
1781715206,39.4,37.0,21.09
1781715211,39.4,37.0,21.05
1781715216,39.4,37.0,20.04
1781715221,39.2,37.0,20.01
1781715226,39.2,37.0,20.07
1781715231,39.4,37.0,20.05
1781715236,39.4,37.0,20.06
1781715241,39.2,37.0,20.06
1781715246,39.2,36.0,20.05
1781715251,39.6,36.0,20.05
1781715256,39.2,37.0,20.00
1781715261,39.6,37.0,20.04
1781715266,39.2,37.0,19.07
1781715271,39.4,37.0,20.08
1781715276,39.4,37.0,21.07
1781715281,39.4,37.0,20.02
1781715286,39.5,37.0,20.08
1781715291,39.4,37.0,21.02
1781715296,39.4,37.0,20.10
1781715301,39.4,37.0,20.03
1781715306,39.4,37.0,20.05
1781715311,39.2,37.0,20.05
1781715316,39.2,37.0,20.06
1781715321,39.2,36.0,20.03
1781715326,39.2,37.0,20.08
1781715331,39.4,37.0,20.04
1781715336,39.1,36.0,20.10
1781715341,39.4,37.0,21.02
1781715346,39.2,36.0,20.02
1781715351,39.2,37.0,19.06
1781715356,39.0,36.0,20.00
1781715361,39.1,36.0,19.08
1781715366,39.0,37.0,20.00
1781715371,39.1,37.0,21.02
1781715376,39.5,37.0,21.03
1781715381,39.8,37.0,21.03
1781715386,39.9,38.0,21.02
1781715391,40.4,38.0,21.03
1781715396,40.6,38.0,20.08
1781715401,41.0,39.0,20.07
1781715406,41.4,39.0,21.04
1781715411,41.8,40.0,20.05
1781715416,42.2,40.0,20.05
1781715421,42.5,40.0,20.05
1781715426,43.0,40.0,22.05
1781715431,43.1,41.0,20.05
1781715436,43.6,41.0,21.04
1781715441,43.6,41.0,21.04
1781715446,43.8,41.0,20.03
1781715451,58.4,42.0,30.07
1781715456,52.0,42.0,28.01
1781715461,44.2,41.0,20.07
1781715466,43.5,40.0,21.00
1781715471,42.9,40.0,21.01
1781715476,42.6,40.0,21.05
1781715481,42.1,40.0,20.09
1781715486,41.8,39.0,20.03
1781715491,41.5,39.0,19.08
1781715496,41.1,39.0,19.06
1781715501,41.0,38.0,20.01
1781715506,40.9,39.0,20.08
1781715511,40.8,38.0,21.00
1781715516,40.5,38.0,20.05
1781715521,40.2,38.0,20.04
1781715526,40.4,37.0,22.04
1781715531,40.0,37.0,20.08
1781715536,39.9,37.0,20.03
1781715541,40.1,37.0,21.01
1781715546,40.0,38.0,20.03
1781715552,40.1,38.0,20.07
1781715557,40.8,38.0,22.00
1781715562,40.8,38.0,20.07
1781715567,41.4,39.0,22.02
1781715572,41.5,39.0,20.05
1781715577,41.9,40.0,20.08
1781715582,42.2,40.0,20.07
1781715587,42.6,40.0,20.09
1781715592,42.9,41.0,20.05
1781715597,43.4,41.0,21.07
1781715602,43.8,41.0,21.07
1781715607,43.6,41.0,20.08
1781715612,44.0,41.0,21.02
1781715617,44.0,41.0,20.05
1781715622,43.8,41.0,20.03
1781715627,43.6,40.0,20.08
1781715632,43.4,40.0,21.05
1781715637,43.0,40.0,20.09
1781715642,43.0,40.0,20.08
1781715647,42.9,40.0,20.02
1781715652,42.8,40.0,20.08
1781715657,42.6,40.0,20.06
1781715662,42.6,40.0,21.03
1781715667,42.1,39.0,21.01
1781715672,41.9,39.0,20.05
1781715677,42.0,39.0,21.03
1781715682,41.6,39.0,20.07
1781715687,41.4,39.0,19.10
1781715692,41.5,38.0,19.10
1781715697,41.4,39.0,20.02
1781715702,41.4,39.0,20.01
1781715707,41.0,39.0,20.01
1781715712,41.2,39.0,20.03
1781715717,41.0,39.0,20.05
1781715722,41.0,38.0,20.04
1781715727,40.9,38.0,21.07
1781715732,40.9,39.0,20.07
1781715737,40.9,38.0,20.09
1781715742,40.9,38.0,20.10
1781715747,40.6,39.0,21.03
1781715752,40.6,39.0,21.08
1781715757,40.5,38.0,21.00
1781715762,40.8,38.0,20.04
1781715767,40.5,38.0,20.07
1781715772,40.4,38.0,20.08
1781715777,40.1,38.0,21.01
1781715782,40.5,37.0,22.04
1781715787,40.2,37.0,20.04
1781715792,40.1,37.0,20.10
1781715797,45.5,38.0,33.04
1781715802,41.1,38.0,22.01
1781715807,40.8,38.0,20.07
1781715812,40.6,38.0,20.05
1781715817,40.6,38.0,19.08
1781715822,40.4,38.0,20.06
1781715827,40.6,38.0,20.04
1781715832,40.5,38.0,21.01
1781715837,40.4,38.0,21.07
1781715842,40.0,38.0,20.07
1781715847,40.2,38.0,20.09
1781715852,40.0,37.0,20.09
1781715857,40.1,37.0,20.04
1781715862,40.0,38.0,20.02
1781715867,40.5,38.0,20.02
1781715872,40.6,38.0,20.05
1781715877,41.0,39.0,20.07
1781715882,41.1,39.0,20.00
1781715887,41.8,39.0,20.04
1781715892,42.0,40.0,20.02
1781715897,42.6,40.0,22.02
1781715902,42.8,40.0,21.02
1781715907,42.9,40.0,21.04
1781715912,43.4,41.0,20.06
1781715917,43.8,42.0,22.05
1781715922,44.0,41.0,22.00
1781715927,44.1,42.0,20.06
1781715932,44.1,41.0,20.09
1781715937,43.9,41.0,21.01
1781715942,43.6,40.0,20.10
1781715947,43.5,40.0,22.00
1781715952,43.1,40.0,20.06
1781715957,42.9,40.0,20.06
1781715962,42.8,40.0,20.09
1781715967,42.9,39.0,22.07
1781715972,42.6,40.0,20.04
1781715977,43.2,40.0,23.03
1781715982,42.1,40.0,20.05
1781715987,41.9,39.0,20.01
1781715992,41.8,39.0,20.03
1781715998,41.8,39.0,20.04
1781716003,42.0,39.0,22.01
1781716008,41.5,39.0,20.07
1781716013,41.4,39.0,20.06
1781716018,41.2,39.0,20.08
1781716023,41.1,39.0,20.05
1781716028,41.5,38.0,22.01
1781716033,41.0,38.0,20.09
1781716038,41.1,39.0,20.09
1781716043,40.9,39.0,21.03
1781716048,40.9,38.0,20.02
1781716053,41.0,38.0,20.07
1781716058,40.9,38.0,20.05
1781716063,40.9,38.0,21.04
1781716068,40.8,38.0,20.00
1781716073,40.4,38.0,19.07
1781716078,40.8,38.0,20.09
1781716083,40.5,38.0,20.04
1781716088,40.6,38.0,20.05
1781716093,40.2,37.0,20.05
1781716098,40.5,38.0,21.04
1781716103,40.1,38.0,20.04
1781716108,40.1,38.0,20.05
1781716113,40.1,38.0,20.06
1781716118,40.1,37.0,20.06
1781716123,40.2,37.0,21.04
1781716128,40.0,37.0,20.09
1781716133,40.1,37.0,21.01
1781716138,40.1,37.0,21.03
1781716143,40.2,38.0,22.00
1781716148,40.6,38.0,20.07
1781716153,41.0,39.0,20.07
1781716158,41.4,39.0,20.07
1781716163,41.6,39.0,21.00
1781716168,42.1,40.0,21.01
1781716173,42.4,40.0,20.05
1781716178,42.8,40.0,20.03
1781716183,43.0,40.0,20.03
1781716188,43.5,40.0,20.08
1781716193,43.6,41.0,20.01
1781716198,43.9,41.0,21.00
1781716203,44.1,42.0,20.08
1781716208,44.1,42.0,20.10
1781716213,44.5,41.0,22.05
1781716218,43.8,41.0,21.03
1781716223,43.8,40.0,21.06
1781716228,43.2,41.0,21.08
1781716233,42.9,40.0,21.05
1781716238,42.9,40.0,20.07
1781716243,42.8,40.0,21.04
1781716248,42.6,39.0,21.03
1781716253,42.6,39.0,21.01
1781716258,42.2,39.0,20.05
1781716263,42.0,40.0,20.04
1781716268,42.0,40.0,20.05
1781716273,41.5,39.0,20.06
1781716278,41.6,39.0,20.06
1781716283,41.6,39.0,20.08
1781716288,41.8,39.0,21.01
1781716293,41.5,39.0,20.07
1781716298,41.2,39.0,20.06
1781716303,41.2,38.0,20.05
1781716308,41.1,38.0,21.06
1781716313,41.0,39.0,21.04
1781716318,41.4,38.0,21.01
1781716323,41.0,39.0,20.07
1781716328,41.2,39.0,22.02
1781716333,41.0,38.0,20.05
1781716338,41.1,39.0,20.02
1781716343,41.8,40.0,22.01
1781716348,41.9,40.0,20.04
1781716353,42.2,40.0,20.03
1781716358,43.0,41.0,20.07
1781716363,43.0,40.0,20.03
1781716368,43.2,40.0,20.02
1781716373,43.5,41.0,20.09
1781716378,43.9,41.0,20.03
1781716383,44.2,42.0,20.06
1781716388,44.1,42.0,21.10
1781716393,44.1,42.0,22.02
1781716398,43.9,41.0,20.05
1781716403,43.9,40.0,21.04
1781716408,43.4,40.0,20.05
1781716413,43.5,40.0,21.07
1781716418,42.9,40.0,21.03
1781716423,42.6,40.0,20.09
1781716428,42.6,40.0,19.08
1781716433,42.5,39.0,22.00
1781716438,42.4,40.0,21.06
1781716443,42.0,40.0,20.10
1781716448,41.9,39.0,19.09
1781716453,41.8,39.0,20.04
1781716458,41.5,38.0,19.09
1781716464,41.5,39.0,19.10
1781716469,41.4,39.0,20.05
1781716474,41.1,39.0,20.01
1781716479,41.2,38.0,20.05
1781716484,41.1,39.0,20.02
1781716489,41.0,38.0,20.05
1781716494,41.1,38.0,20.07
1781716499,41.0,39.0,20.08
1781716504,41.1,39.0,22.03
1781716509,41.0,39.0,20.04
1781716514,41.4,39.0,20.09
1781716519,41.9,39.0,20.06
1781716524,42.1,40.0,19.08
1781716529,42.2,40.0,20.04
1781716534,42.5,40.0,19.08
1781716539,43.1,41.0,20.04
1781716544,43.4,41.0,20.09
1781716549,43.6,41.0,20.01
1781716554,44.0,41.0,21.08
1781716559,43.9,41.0,20.04
1781716564,43.8,41.0,20.06
1781716569,43.6,41.0,20.08
1781716574,43.2,40.0,21.07
1781716579,43.1,40.0,20.08
1781716584,42.8,40.0,21.04
1781716589,43.0,40.0,20.09
1781716594,42.5,40.0,20.05
1781716599,42.2,40.0,21.02
1781716604,42.0,40.0,20.09
1781716609,42.1,39.0,20.04
1781716614,42.1,39.0,21.00
1781716619,41.9,39.0,20.09
1781716624,41.6,39.0,20.06
1781716629,41.9,39.0,20.07
1781716634,41.8,39.0,20.09
1781716639,41.5,39.0,20.05
1781716644,41.5,38.0,20.05
1781716649,41.6,39.0,21.03
1781716654,41.2,39.0,20.04
1781716659,41.2,39.0,20.02
1781716664,41.0,38.0,20.03
1781716669,40.8,39.0,19.09
1781716674,40.9,38.0,20.02
1781716679,40.9,39.0,22.09
1781716684,40.8,37.0,21.01
1781716689,40.6,38.0,21.03
1781716694,40.8,38.0,20.09
1781716699,41.0,38.0,21.08
1781716704,40.6,38.0,20.10
1781716709,40.5,37.0,20.03
1781716714,40.8,38.0,20.05
1781716719,40.6,39.0,21.02
1781716724,40.6,38.0,20.04
1781716729,40.4,38.0,20.09
1781716734,40.6,38.0,20.07
1781716739,40.5,37.0,20.05
1781716744,40.5,38.0,20.07
1781716749,40.4,38.0,20.04
1781716754,40.5,38.0,21.07
1781716759,40.4,38.0,20.02
1781716764,40.2,37.0,20.06
1781716769,40.2,37.0,20.09
1781716774,40.1,37.0,20.06
1781716779,40.1,37.0,20.02
1781716784,40.1,38.0,21.00
1781716789,40.0,37.0,20.05
1781716794,40.1,37.0,19.09
1781716799,40.0,37.0,20.05
1781716804,40.0,37.0,20.04
1781716809,40.0,37.0,20.09
1781716814,40.1,37.0,22.03
1781716819,40.0,37.0,20.03
1781716824,40.0,37.0,21.04
1781716829,40.0,37.0,20.09
1781716834,40.4,37.0,21.07
1781716839,40.0,37.0,20.06
1781716844,40.0,37.0,21.04
1781716849,39.9,38.0,20.06
1781716854,39.9,37.0,22.00
1781716859,39.8,37.0,20.09
1781716864,39.9,37.0,21.07
1781716869,39.8,38.0,20.07
1781716874,39.9,38.0,21.04
1781716879,40.0,37.0,20.06
1781716884,39.9,37.0,20.06
1781716889,39.8,37.0,20.04
1781716894,39.9,37.0,20.05
1781716899,39.8,37.0,20.05
1781716904,39.8,38.0,20.05
1781716909,39.9,38.0,20.04
1781716914,39.9,37.0,20.03
1781716919,39.9,37.0,20.06
1781716924,39.9,37.0,20.04
1781716929,39.9,38.0,20.05
1781716935,40.1,37.0,20.09
1781716940,39.8,37.0,19.10
1781716945,39.9,37.0,20.09
1781716950,39.9,37.0,20.10
1781716955,40.0,37.0,22.02
1781716960,40.0,37.0,22.06
1781716965,39.8,38.0,21.04
1781716970,39.8,37.0,22.00
1781716975,39.8,37.0,20.04
1781716980,39.8,37.0,20.06
1781716985,39.8,37.0,20.06
1781716990,39.8,37.0,20.09
1781716995,39.6,37.0,19.06
1781717000,39.8,37.0,21.01
1781717005,39.5,37.0,19.05
1781717010,39.8,37.0,20.08
1781717015,39.8,37.0,21.01
1781717020,39.9,37.0,21.03
1781717025,39.6,37.0,20.04
1781717030,39.6,37.0,21.03
1781717035,39.6,36.0,20.03
1781717040,39.8,37.0,21.06
1781717045,39.6,37.0,21.01
1781717050,39.4,37.0,21.00
1781717055,39.9,37.0,20.02
1781717060,39.8,37.0,20.00
1781717065,40.1,37.0,22.02
1781717070,39.6,37.0,20.04
1781717075,39.8,37.0,20.08
1781717080,39.8,37.0,21.05
1781717085,39.6,37.0,20.05
1781717090,39.8,37.0,20.05
1781717095,39.5,37.0,21.04
1781717100,39.6,37.0,20.06
1781717105,39.6,37.0,20.04
1781717110,39.8,37.0,20.04
1781717115,39.6,37.0,19.09
1781717120,39.5,37.0,20.08
1781717125,39.5,37.0,20.05
1781717130,39.5,37.0,20.05
1781717135,39.5,36.0,21.01
1781717140,39.6,37.0,22.03
1781717145,39.5,37.0,20.05
1781717150,39.4,36.0,20.02
1781717155,39.4,37.0,20.03
1781717160,39.2,36.0,20.09
1781717165,39.4,37.0,20.03
1781717170,39.4,37.0,20.05
1781717175,39.4,36.0,20.05
1781717180,39.5,37.0,21.01
1781717185,39.4,36.0,20.02
1781717190,39.4,37.0,20.01
1781717195,39.5,37.0,20.01
1781717200,39.4,37.0,20.08
1781717205,39.4,37.0,20.06
1781717210,39.4,37.0,20.01
1781717215,39.6,37.0,21.09
1781717220,39.5,37.0,21.05
1781717225,39.1,37.0,20.09
1781717230,39.5,36.0,20.05
1781717235,39.6,37.0,22.08
1781717240,39.5,37.0,20.07
1781717245,39.2,37.0,20.09
1781717250,39.5,37.0,20.05
1781717255,39.5,37.0,20.04
1781717260,39.5,37.0,20.03
1781717265,39.5,37.0,20.06
1781717270,39.5,37.0,20.07
1781717275,39.4,37.0,20.03
1781717280,39.2,37.0,20.06
1781717285,39.4,37.0,20.06
1781717290,39.4,37.0,20.05
1781717295,39.5,37.0,22.02
1781717300,39.4,37.0,20.03
1781717305,39.2,36.0,20.05
1781717310,39.4,37.0,20.01
1781717315,39.5,37.0,21.09
1781717320,39.5,37.0,20.04
1781717325,39.5,37.0,21.00
1781717330,39.4,37.0,20.08
1781717335,39.2,36.0,20.01
1781717340,39.1,37.0,19.09
1781717345,39.2,37.0,19.06
1781717350,39.4,36.0,20.01
1781717355,39.4,37.0,20.09
1781717360,39.4,37.0,19.07
1781717365,39.2,37.0,20.01
1781717370,39.4,37.0,19.09
1781717375,39.4,37.0,21.05
1781717380,39.2,36.0,21.07
1781717386,39.4,37.0,20.01
1781717391,39.5,37.0,20.09
1781717396,39.2,36.0,19.06
1781717401,39.2,37.0,20.05
1781717406,39.5,37.0,20.04
1781717411,39.2,36.0,21.02
1781717416,39.1,37.0,21.00
1781717421,39.2,37.0,21.02
1781717426,39.2,37.0,20.03
1781717431,39.2,36.0,20.01
1781717436,39.1,36.0,19.07
1781717441,39.5,36.0,20.03
1781717446,39.2,37.0,19.04
1781717451,39.2,37.0,19.07
1781717456,39.1,37.0,20.04
1781717461,39.2,36.0,20.08
1781717466,39.2,37.0,21.03
1781717471,39.2,36.0,20.02
1781717476,39.1,36.0,19.06
1781717481,39.1,37.0,20.03
1781717486,39.2,37.0,20.09
1781717491,39.1,37.0,19.07
1781717496,39.1,36.0,20.07
1781717501,39.4,37.0,22.01
1781717506,39.1,36.0,19.10
1781717511,39.1,36.0,20.02
1781717516,39.1,36.0,20.00
1781717521,39.0,37.0,20.05
1781717526,39.2,37.0,19.04
1781717531,39.2,36.0,19.08
1781717536,39.2,37.0,19.06
1781717541,39.1,37.0,19.02
1781717546,39.2,37.0,19.04
1781717551,39.4,36.0,20.07
1781717556,39.2,37.0,19.07
1781717561,39.1,37.0,19.09
1781717566,39.1,36.0,19.09
1781717571,39.0,37.0,19.02
1781717576,39.4,37.0,20.04
1781717581,39.4,36.0,21.06
1781717586,39.2,36.0,20.00
1781717591,39.1,36.0,20.08
1781717596,39.1,36.0,20.03
1781717601,39.1,37.0,21.01
1781717606,39.1,37.0,20.09
1781717611,39.2,36.0,20.09
1781717616,39.1,36.0,19.04
1781717621,39.1,37.0,19.04
1781717626,38.9,37.0,18.09
1781717631,39.4,37.0,19.05
1781717636,39.6,37.0,20.02
1781717641,39.9,38.0,19.09
1781717646,40.5,38.0,19.08
1781717651,41.0,39.0,21.04
1781717656,41.0,39.0,20.02
1781717661,41.1,39.0,19.04
1781717666,41.8,39.0,20.01
1781717671,41.9,40.0,19.02
1781717676,42.4,40.0,19.08
1781717681,42.6,40.0,19.07
1781717686,43.1,41.0,19.05
1781717691,43.2,41.0,19.09
1781717696,43.6,41.0,19.10
1781717701,43.9,41.0,20.07
1781717706,43.9,40.0,22.02
1781717711,43.6,41.0,20.02
1781717716,43.2,40.0,20.04
1781717721,42.9,40.0,20.09
1781717726,42.5,40.0,19.04
1781717731,42.5,39.0,19.05
1781717736,42.2,39.0,20.09
1781717741,42.4,39.0,21.02
1781717746,42.0,39.0,21.06
1781717751,42.1,40.0,21.03
1781717756,41.8,39.0,20.06
1781717761,41.6,39.0,19.09
1781717766,41.5,39.0,19.04
1781717771,41.5,39.0,19.09
1781717776,41.4,39.0,21.02
1781717781,41.4,38.0,20.05
1781717786,40.9,38.0,21.00
1781717791,40.9,38.0,21.06
1781717796,41.0,39.0,20.00
1781717801,41.0,39.0,20.06
1781717806,40.8,38.0,20.00
1781717811,40.6,38.0,19.09
1781717816,40.8,38.0,21.03
1781717821,40.5,38.0,20.02
1781717826,40.6,38.0,20.00
1781717831,40.5,37.0,19.07
1781717836,40.4,38.0,20.00
1781717841,40.4,38.0,19.09
1781717847,40.2,38.0,20.01
1781717852,40.1,37.0,19.08
1781717857,40.1,37.0,20.02
1781717862,40.1,37.0,19.05
1781717867,40.1,37.0,20.03
1781717872,40.0,37.0,19.01
1781717877,40.2,37.0,20.03
1781717882,40.1,37.0,20.01
1781717887,40.4,37.0,21.05
1781717892,40.2,38.0,20.03
1781717897,40.5,38.0,19.06
1781717902,41.0,38.0,20.08
1781717907,41.1,38.0,19.02
1781717912,41.5,39.0,19.08
1781717917,41.8,39.0,21.01
1781717922,42.0,40.0,19.09
1781717927,42.6,40.0,19.09
1781717932,42.8,40.0,20.07
1781717937,43.1,40.0,20.01
1781717942,43.2,41.0,21.03
1781717947,43.8,42.0,20.04
1781717952,43.9,42.0,20.05
1781717957,43.9,41.0,21.09
1781717962,43.5,40.0,20.05
1781717967,43.2,41.0,21.02
1781717972,43.1,40.0,21.02
1781717977,42.9,40.0,20.09
1781717982,42.5,40.0,20.04
1781717987,42.8,40.0,20.07
1781717992,42.5,40.0,21.09
1781717997,42.1,40.0,21.06
1781718002,41.9,40.0,21.01
1781718007,42.0,39.0,20.09
1781718012,42.0,39.0,20.04
1781718017,41.8,39.0,20.05
1781718022,41.5,39.0,20.05
1781718027,41.6,38.0,20.06
1781718032,41.4,39.0,19.10
1781718037,41.4,39.0,20.05
1781718042,41.1,38.0,20.08
1781718047,41.1,38.0,20.05
1781718052,41.0,38.0,20.01
1781718057,41.0,38.0,20.03
1781718062,40.9,38.0,20.04
1781718067,40.9,38.0,20.03
1781718072,40.8,38.0,20.08
1781718077,40.9,38.0,20.03
1781718082,40.5,38.0,20.04
1781718087,40.4,38.0,20.06
1781718092,40.6,38.0,19.10
1781718097,40.5,38.0,19.02
1781718102,40.5,38.0,19.06
1781718107,40.4,38.0,19.01
1781718112,40.2,37.0,19.08
1781718117,40.4,38.0,19.04
1781718122,40.2,37.0,20.01
1781718127,40.1,38.0,20.08
1781718132,40.2,37.0,19.07
1781718137,40.1,37.0,20.02
1781718142,40.1,38.0,20.07
1781718147,40.0,37.0,21.03
1781718152,40.1,37.0,20.02
1781718157,40.1,37.0,20.04
1781718162,40.1,37.0,20.06
1781718167,40.2,38.0,20.03
1781718172,40.4,38.0,20.03
1781718177,40.9,38.0,20.07
1781718182,41.0,39.0,19.09
1781718187,41.6,39.0,21.06
1781718192,41.6,39.0,20.03
1781718197,42.0,39.0,20.02
1781718202,42.2,40.0,20.01
1781718207,42.8,40.0,19.05
1781718212,43.1,41.0,19.06
1781718217,43.4,41.0,20.03
1781718222,43.8,41.0,20.01
1781718227,44.1,41.0,20.07
1781718232,44.0,41.0,21.01
1781718237,49.5,41.0,25.09
1781718242,43.4,40.0,13.02
1781718247,43.2,40.0,20.01
1781718252,43.1,40.0,21.01
1781718257,43.1,40.0,22.00
1781718262,42.6,40.0,20.01
1781718267,42.5,39.0,20.01
1781718272,42.4,39.0,20.02
1781718277,42.5,39.0,21.02
1781718282,42.1,39.0,20.05
1781718287,41.9,39.0,20.02
1781718292,41.8,39.0,20.07
1781718297,41.8,39.0,20.06
1781718302,41.6,39.0,20.03
1781718307,41.5,39.0,20.01
1781718313,41.5,39.0,19.05
1781718318,41.4,38.0,21.09
1781718323,41.1,39.0,19.02
1781718328,41.0,39.0,19.08
1781718333,41.0,38.0,19.07
1781718338,41.0,38.0,20.06
1781718343,40.9,38.0,20.08
1781718348,41.1,38.0,22.07
1781718353,41.0,38.0,20.10
1781718358,40.9,38.0,20.03
1781718363,40.9,39.0,22.00
1781718368,40.6,38.0,19.09
1781718373,40.6,38.0,20.02
1781718378,40.6,38.0,21.03
1781718383,40.6,38.0,19.09
1781718388,40.6,38.0,20.03
1781718393,40.4,37.0,20.03
1781718398,40.4,38.0,19.03
1781718403,40.4,37.0,19.02
1781718408,40.2,37.0,19.06
1781718413,40.2,37.0,20.02
1781718418,40.1,38.0,20.08
1781718423,40.4,37.0,20.07
1781718428,40.1,37.0,20.06
1781718433,40.1,38.0,20.03
1781718438,40.0,37.0,20.01
1781718443,40.0,38.0,20.01
1781718448,40.0,38.0,20.04
1781718453,40.0,37.0,20.08
1781718458,40.0,37.0,20.02
1781718463,40.0,37.0,19.06
1781718468,39.9,37.0,20.04
1781718473,40.0,37.0,19.07
1781718478,39.9,38.0,20.01
1781718483,39.6,37.0,20.04
1781718488,39.9,37.0,19.08
1781718493,39.9,37.0,21.05
1781718498,40.1,38.0,22.01
1781718503,39.9,37.0,19.05
1781718508,39.8,37.0,19.04
1781718513,39.8,37.0,20.01
1781718518,39.9,37.0,20.04
1781718523,39.8,37.0,19.06
1781718528,39.6,37.0,20.03
1781718533,39.5,37.0,20.07
1781718538,39.6,37.0,20.03
1781718543,39.5,37.0,20.07
1781718548,39.6,37.0,20.01
1781718553,39.6,37.0,19.05
1781718558,39.6,37.0,19.07
1781718563,39.5,36.0,19.02
1781718568,39.5,37.0,19.08
1781718573,39.9,37.0,20.07
1781718578,39.5,37.0,19.07
1781718583,39.6,37.0,20.00
1781718588,39.8,37.0,19.07
1781718593,40.0,37.0,21.09
1781718598,39.6,36.0,19.00
1781718603,39.6,37.0,20.01
1781718608,39.6,37.0,20.00
1781718613,39.8,37.0,20.05
1781718618,39.8,37.0,19.09
1781718623,39.5,37.0,19.03
1781718628,39.5,37.0,19.07
1781718633,39.6,37.0,19.06
1781718638,39.5,37.0,20.02
1781718643,39.2,37.0,18.10
1781718648,39.6,36.0,20.06
1781718653,39.5,37.0,20.00
1781718658,39.5,37.0,20.02
1781718663,39.5,37.0,19.10
1781718668,39.4,37.0,20.04
1781718673,39.4,36.0,21.03
1781718678,39.4,36.0,20.00
1781718683,39.4,37.0,20.06
1781718688,39.4,37.0,19.09
1781718693,39.8,37.0,22.01
1781718698,39.5,37.0,19.07
1781718703,39.5,36.0,19.05
1781718708,39.8,37.0,19.08
1781718713,39.5,37.0,19.02
1781718718,39.4,37.0,19.05
1781718723,39.5,37.0,20.01
1781718728,39.6,37.0,20.02
1781718733,39.5,37.0,20.06
1781718738,39.2,37.0,20.06
1781718743,39.5,36.0,20.08
1781718748,39.5,37.0,19.04
1781718753,39.5,37.0,20.01
1781718758,39.4,37.0,20.01
1781718764,39.2,36.0,20.00
1781718769,39.4,37.0,19.09
1781718774,39.2,36.0,19.03
1781718779,39.4,37.0,19.05
1781718784,39.5,37.0,20.02
1781718789,39.4,37.0,20.01
1781718794,39.4,37.0,19.10
1781718799,39.4,37.0,20.00
1781718804,39.1,37.0,18.09
1781718809,39.4,36.0,19.05
1781718814,39.5,36.0,21.00
1781718819,39.4,37.0,19.07
1781718824,39.2,37.0,19.07
1781718829,39.5,37.0,21.04
1781718834,39.4,36.0,19.07
1781718839,39.4,37.0,20.08
1781718844,39.2,37.0,20.01
1781718849,39.4,37.0,20.02
1781718854,39.1,37.0,20.01
1781718859,39.4,37.0,19.06
1781718864,39.4,37.0,19.05
1781718869,39.6,37.0,20.06
1781718874,39.2,36.0,19.03
1781718879,39.2,36.0,19.05
1781718884,39.6,37.0,21.07
1781718889,39.4,37.0,20.05
1781718894,39.6,36.0,19.10
1781718899,39.5,36.0,19.09
1781718904,39.2,37.0,21.06
1781718909,39.1,37.0,19.09
1781718914,39.5,37.0,21.04
1781718919,39.2,37.0,19.06
1781718924,39.4,37.0,19.07
1781718929,39.4,36.0,20.05
1781718934,39.4,37.0,20.05
1781718939,39.4,37.0,20.00
1781718944,39.5,37.0,20.03
1781718949,39.5,37.0,19.10
1781718954,39.5,37.0,19.04
1781718959,39.6,37.0,19.04
1781718964,39.8,37.0,21.06
1781718969,39.6,37.0,20.05
1781718974,39.9,37.0,21.06
1781718979,39.9,37.0,20.08
1781718984,39.9,37.0,20.06
1781718989,40.1,38.0,20.00
1781718994,39.8,37.0,20.01
1781718999,39.5,37.0,19.00
1781719004,39.5,37.0,19.07
1781719009,39.9,37.0,20.05
1781719014,39.8,37.0,20.00
1781719019,39.9,37.0,20.00
1781719024,39.6,37.0,20.02
1781719029,40.0,37.0,20.03
1781719034,39.9,37.0,19.08
1781719039,39.9,37.0,19.07
1781719044,39.9,37.0,19.09
1781719049,40.0,38.0,19.03
1781719054,40.1,38.0,21.00
1781719059,40.0,37.0,20.05
1781719064,41.0,38.0,22.09
1781719069,40.0,38.0,19.05
1781719074,40.4,38.0,20.03
1781719079,40.6,38.0,19.03
1781719084,40.8,38.0,19.07
1781719089,41.1,39.0,19.03
1781719094,41.8,39.0,20.02
1781719099,41.8,40.0,19.00
1781719104,42.1,40.0,19.09
1781719109,42.5,40.0,20.02
1781719114,42.9,41.0,20.03
1781719119,43.1,41.0,21.00
1781719124,43.5,41.0,21.04
1781719129,43.9,41.0,19.06
1781719134,44.0,41.0,19.05
1781719139,43.9,41.0,20.05
1781719144,43.8,41.0,19.07
1781719149,43.6,40.0,19.04
1781719154,43.2,40.0,19.04
1781719159,42.8,40.0,19.09
1781719164,43.0,40.0,19.08
1781719169,42.8,40.0,20.08
1781719174,42.6,40.0,19.05
1781719179,42.1,40.0,19.10
1781719184,42.4,40.0,20.03
1781719189,42.1,40.0,20.02
1781719194,42.1,39.0,19.04
1781719199,42.2,40.0,20.04
1781719205,42.1,39.0,20.05
1781719210,42.0,39.0,20.02
1781719215,42.1,39.0,20.04
1781719220,41.9,39.0,19.05
1781719225,41.8,39.0,19.05
1781719230,41.8,39.0,19.02
1781719235,41.8,39.0,20.04
1781719240,41.9,39.0,19.09
1781719245,41.4,39.0,19.01
1781719250,41.5,39.0,19.07
1781719255,41.8,38.0,19.09
1781719260,41.5,39.0,19.07
1781719265,41.6,39.0,20.08
1781719270,41.1,39.0,19.02
1781719275,41.4,39.0,19.04
1781719280,41.2,39.0,20.05
1781719285,41.1,38.0,20.02
1781719290,41.1,38.0,19.10
1781719295,41.2,39.0,20.06
1781719300,41.2,39.0,20.00
1781719305,41.1,39.0,19.02
1781719310,41.1,38.0,20.03
1781719315,41.2,39.0,19.05
1781719320,41.1,39.0,19.06
1781719325,41.2,38.0,19.05
1781719330,41.2,39.0,20.05
1781719335,41.2,39.0,20.01
1781719340,41.1,38.0,20.04
1781719345,41.2,39.0,19.09
1781719350,41.0,38.0,20.02
1781719355,41.1,39.0,20.05
1781719360,41.1,39.0,20.07
1781719365,41.2,38.0,20.04
1781719370,41.1,38.0,21.01
1781719375,41.1,38.0,20.07
1781719380,41.4,39.0,21.06
1781719385,41.9,39.0,21.02
1781719390,42.1,40.0,20.06
1781719395,42.4,40.0,20.06
1781719400,42.8,40.0,19.07
1781719405,43.1,40.0,19.06
1781719410,43.4,41.0,19.03
1781719415,43.4,42.0,18.10
1781719420,44.1,41.0,21.00
1781719425,43.9,41.0,20.02
1781719430,43.8,41.0,20.02
1781719435,43.5,40.0,19.06
1781719440,43.2,41.0,20.00
1781719445,43.4,40.0,20.06
1781719450,43.4,41.0,22.04
1781719455,43.2,40.0,21.02
1781719460,43.0,40.0,20.09
1781719465,43.2,40.0,22.02
1781719470,42.8,40.0,19.09
1781719475,42.9,40.0,20.02
1781719480,42.5,39.0,19.05
1781719485,42.2,40.0,19.10
1781719490,42.4,40.0,19.05
1781719495,42.2,40.0,21.04
1781719500,42.2,40.0,20.04
1781719505,42.1,40.0,20.06
1781719510,42.4,39.0,20.09
1781719515,42.0,40.0,20.03
1781719520,41.9,39.0,20.00
1781719525,41.9,39.0,20.04
1781719530,41.8,39.0,20.01
1781719535,41.9,39.0,20.05
1781719540,41.8,39.0,20.05
1781719545,41.9,39.0,20.07
1781719550,41.6,39.0,19.05
1781719555,41.5,40.0,19.03
1781719560,41.9,39.0,20.03
1781719565,41.6,39.0,19.09
1781719570,41.6,39.0,19.09
1781719575,41.6,39.0,19.10
1781719580,41.8,39.0,20.10
1781719585,41.5,39.0,20.03
1781719590,41.5,39.0,19.08
1781719595,41.4,39.0,20.04
1781719600,41.8,39.0,20.01
1781719605,41.6,39.0,20.06
1781719610,41.4,40.0,20.04
1781719615,41.8,39.0,21.06
1781719620,41.8,39.0,21.00
1781719625,41.9,39.0,21.02
1781719630,41.8,39.0,21.09
1781719635,41.5,39.0,20.02
1781719640,41.5,39.0,20.02
1781719645,41.5,39.0,20.07
1781719650,41.9,39.0,20.06
1781719655,41.4,39.0,19.04
1781719661,41.2,39.0,19.10
1781719666,41.2,39.0,19.08
1781719671,41.2,39.0,20.00
1781719676,41.2,39.0,20.06
1781719681,41.4,39.0,21.08
1781719686,41.1,39.0,19.06
1781719691,41.2,39.0,20.07
1781719696,41.0,39.0,20.03
1781719701,41.1,38.0,20.02
1781719706,41.1,39.0,20.03
1781719711,41.2,39.0,20.08
1781719716,41.2,39.0,20.09
1781719721,41.6,39.0,20.02
1781719726,41.9,40.0,20.08
1781719731,42.4,40.0,19.06
1781719736,42.6,40.0,20.02
1781719741,43.0,41.0,19.06
1781719746,43.2,41.0,19.06
1781719751,43.8,41.0,19.03
1781719756,43.9,41.0,20.00
1781719761,43.9,41.0,19.03
1781719766,43.9,41.0,19.08
1781719771,43.9,41.0,20.08
1781719776,43.9,41.0,21.01
1781719781,43.4,40.0,20.07
1781719786,43.4,40.0,20.06
1781719791,43.0,40.0,20.05
1781719796,43.1,40.0,20.04
1781719801,43.0,40.0,20.03
1781719806,42.9,40.0,19.07
1781719811,42.8,40.0,20.02
1781719816,43.0,40.0,21.02
1781719821,42.5,40.0,19.08
1781719826,42.5,40.0,20.00
1781719831,42.2,40.0,19.09
1781719836,42.2,39.0,20.01
1781719841,42.2,40.0,19.03
1781719846,42.2,40.0,20.04
1781719851,42.8,40.0,22.05
1781719856,42.2,40.0,20.07
1781719861,42.2,40.0,21.10
1781719866,42.5,39.0,23.01
1781719871,41.9,39.0,19.09
1781719876,41.9,39.0,19.07
1781719881,42.0,40.0,20.00
1781719886,41.9,39.0,19.03
1781719891,41.6,39.0,19.02
1781719896,41.9,39.0,20.05
1781719901,41.6,40.0,20.03
1781719906,41.9,40.0,20.03
1781719911,41.8,39.0,21.06
1781719916,41.9,39.0,23.01
1781719921,41.8,40.0,22.07
1781719926,42.1,39.0,22.08
1781719931,42.1,40.0,20.07
1781719936,42.0,39.0,19.07
1781719941,42.1,39.0,20.06
1781719946,41.8,39.0,21.03
1781719951,43.0,39.0,21.07
1781719956,42.1,39.0,20.04
1781719961,42.6,40.0,20.07
1781719966,42.5,40.0,19.04
1781719971,42.8,40.0,19.05
1781719976,43.1,41.0,19.04
1781719981,43.5,41.0,20.07
1781719986,44.1,41.0,21.08
1781719991,44.0,41.0,19.04
1781719996,44.0,41.0,19.09
1781720001,43.9,41.0,19.03
1781720006,44.0,40.0,21.00
1781720011,43.5,40.0,19.04
1781720016,43.4,40.0,20.06
1781720021,43.2,40.0,19.08
1781720026,43.1,40.0,19.05
1781720031,42.9,40.0,20.01
1781720036,43.0,40.0,20.01
1781720041,43.0,40.0,20.01
1781720046,42.8,40.0,20.01
1781720051,42.8,40.0,19.09
1781720056,42.6,40.0,20.05
1781720061,42.4,40.0,20.05
1781720066,42.5,40.0,19.06
1781720071,42.1,39.0,18.09
1781720076,42.2,40.0,19.06
1781720081,42.1,39.0,21.03
1781720086,41.9,40.0,19.03
1781720091,42.2,40.0,19.03
1781720096,42.2,40.0,20.02
1781720101,42.5,40.0,20.01
1781720107,42.8,40.0,20.04
1781720112,43.2,41.0,19.08
1781720117,43.5,41.0,20.07
1781720122,43.9,42.0,21.02
1781720127,44.1,41.0,20.04
1781720132,44.1,41.0,20.07
1781720137,44.0,41.0,20.01
1781720142,44.0,41.0,20.00
1781720147,43.8,41.0,21.01
1781720152,43.5,40.0,20.04
1781720157,43.5,40.0,22.02
1781720162,43.2,40.0,19.07
1781720167,43.1,40.0,21.06
1781720172,42.8,40.0,20.03
1781720177,43.0,40.0,19.05
1781720182,42.8,40.0,20.03
1781720187,42.4,40.0,20.03
1781720192,42.6,40.0,19.07
1781720197,42.4,40.0,20.01
1781720202,42.6,40.0,20.09
1781720207,42.5,40.0,20.01
1781720212,42.5,40.0,21.01
1781720217,42.5,40.0,19.07
1781720222,42.4,40.0,20.02
1781720227,42.1,39.0,19.09
1781720232,42.2,40.0,21.00
1781720237,42.1,39.0,20.02
1781720242,42.1,40.0,21.03
1781720247,42.1,39.0,19.09
1781720252,42.4,40.0,20.03
1781720257,42.8,40.0,19.08
1781720262,43.0,40.0,19.07
1781720267,43.4,41.0,20.04
1781720272,43.5,42.0,20.01
1781720277,44.0,41.0,20.02
1781720282,44.2,41.0,21.02
1781720287,44.2,41.0,21.02
1781720292,43.9,41.0,20.02
1781720297,44.0,41.0,20.06
1781720302,43.6,41.0,19.05
1781720307,43.6,41.0,20.04
1781720312,44.4,41.0,22.09
1781720317,43.2,40.0,20.02
1781720322,43.0,40.0,20.04
1781720327,43.0,40.0,19.02
1781720332,42.6,40.0,19.02
1781720337,42.6,40.0,19.03
1781720342,42.5,39.0,20.01
1781720347,42.4,40.0,19.09
1781720352,42.2,40.0,19.06
1781720357,42.5,40.0,19.09
1781720362,42.8,40.0,20.05
1781720367,42.2,40.0,19.06
1781720372,42.2,39.0,19.06
1781720377,42.1,39.0,20.01
1781720382,42.1,40.0,20.00
1781720387,42.1,40.0,19.09
1781720392,42.0,40.0,20.01
1781720397,41.9,39.0,20.05
1781720402,41.6,39.0,19.04
1781720407,41.8,39.0,19.05
1781720412,41.6,39.0,19.10
1781720417,41.4,39.0,19.09
1781720422,41.8,39.0,19.05
1781720427,41.8,39.0,20.02
1781720432,41.5,39.0,19.09
1781720437,41.5,39.0,19.09
1781720442,41.6,39.0,20.02
1781720447,41.5,39.0,20.01
1781720452,41.5,39.0,19.05
1781720457,41.4,39.0,19.07
1781720462,41.6,39.0,19.09
1781720467,41.4,39.0,20.09
1781720472,41.5,39.0,20.09
1781720477,41.8,39.0,21.09
1781720482,41.4,39.0,19.06
1781720487,41.6,39.0,20.05
1781720492,41.4,39.0,19.01
1781720497,41.1,39.0,19.05
1781720502,41.5,39.0,19.05
1781720507,41.2,39.0,19.05
1781720512,41.1,38.0,20.00
1781720517,41.2,39.0,20.05
1781720522,41.2,38.0,20.01
1781720527,41.4,39.0,20.07
1781720532,41.2,39.0,19.04
1781720537,41.2,38.0,19.03
1781720542,41.2,39.0,19.06
1781720547,41.1,39.0,19.04
1781720552,41.2,39.0,19.09
1781720558,41.4,39.0,20.07
1781720563,41.2,38.0,20.02
1781720568,41.8,39.0,21.02
1781720573,41.9,39.0,21.04
1781720578,62.0,41.0,35.10
1781720583,50.5,41.0,26.04
1781720588,43.5,40.0,19.09
1781720593,43.0,40.0,19.03
1781720598,42.9,40.0,20.08
1781720603,42.4,40.0,19.10
1781720608,42.4,40.0,20.10
1781720613,42.0,39.0,20.02
1781720618,41.9,39.0,20.09
1781720623,41.5,39.0,20.09
1781720628,41.8,39.0,21.09
1781720633,41.4,38.0,19.09
1781720638,41.2,38.0,20.04
1781720643,41.1,38.0,20.02
1781720648,40.9,38.0,19.05
1781720653,41.0,38.0,19.02
1781720658,40.8,38.0,19.02
1781720663,40.6,38.0,19.07
1781720668,40.5,37.0,19.06
1781720673,40.4,38.0,19.03
1781720678,40.5,38.0,20.04
1781720683,40.4,38.0,20.10
1781720688,40.4,38.0,20.06
1781720693,40.1,37.0,19.06
1781720698,40.4,37.0,19.07
1781720703,40.1,38.0,19.04
1781720708,40.1,38.0,19.06
1781720713,40.1,37.0,20.01
1781720718,40.1,38.0,20.05
1781720723,40.2,38.0,20.05
1781720728,40.2,38.0,20.00
1781720733,40.5,38.0,20.02
1781720738,41.0,39.0,21.10
1781720743,41.1,39.0,20.02
1781720748,41.6,39.0,21.05
1781720753,42.0,40.0,21.08
1781720758,42.4,40.0,20.01
1781720763,42.8,40.0,19.04
1781720768,42.9,41.0,19.05
1781720773,43.4,41.0,20.03
1781720778,43.6,41.0,19.09
1781720783,43.8,41.0,20.01
1781720788,43.9,41.0,20.05
1781720793,43.9,41.0,19.03
1781720798,44.0,41.0,19.07
1781720803,43.6,41.0,19.08
1781720808,43.4,40.0,19.03
1781720813,43.4,40.0,20.01
1781720818,43.2,40.0,20.07
1781720823,43.4,40.0,21.05
1781720828,43.0,40.0,20.07
1781720833,42.9,40.0,21.01
1781720838,42.8,40.0,20.04
1781720843,42.8,40.0,20.08
1781720848,50.9,42.0,49.02
1781720853,43.8,40.0,19.08
1781720858,42.8,40.0,19.07
1781720863,42.5,40.0,20.02
1781720868,42.2,40.0,20.02
1781720873,42.2,39.0,20.08
1781720878,41.9,40.0,20.06
1781720883,42.2,39.0,21.04
1781720888,42.0,39.0,20.05
1781720893,41.9,39.0,19.09
1781720898,42.1,40.0,20.08
1781720903,42.2,40.0,20.01
1781720908,42.6,40.0,19.09
1781720913,42.8,40.0,19.06
1781720918,43.2,41.0,19.08
1781720923,43.4,41.0,20.01
1781720928,43.9,41.0,19.07
1781720933,44.1,41.0,20.02
1781720938,44.0,41.0,19.08
1781720943,44.0,41.0,20.02
1781720948,44.0,41.0,21.02
1781720953,43.6,40.0,19.05
1781720958,43.5,41.0,21.03
1781720963,43.2,40.0,20.05
1781720968,43.2,40.0,19.05
1781720973,43.2,40.0,20.00
1781720978,43.1,40.0,20.08
1781720983,42.9,40.0,19.07
1781720988,42.8,40.0,19.06
1781720993,43.0,40.0,21.02
1781720998,42.6,40.0,20.00
1781721003,42.8,40.0,20.03
1781721008,42.4,40.0,21.08
1781721013,42.2,40.0,20.02
1781721019,42.4,40.0,19.06
1781721024,42.2,39.0,19.06
1781721029,42.0,39.0,19.08
1781721034,41.9,39.0,19.05
1781721039,42.1,39.0,20.01
1781721044,41.9,39.0,19.09
1781721049,41.9,39.0,19.10
1781721054,41.9,40.0,20.02
1781721059,41.9,39.0,19.04
1781721064,41.8,39.0,20.02
1781721069,41.8,39.0,20.04
1781721074,41.9,39.0,20.09
1781721079,41.6,39.0,20.05
1781721084,41.6,39.0,20.04
1781721089,41.5,39.0,19.08
1781721094,41.2,39.0,19.02
1781721099,41.6,39.0,19.07
1781721104,41.4,39.0,19.03
1781721109,41.4,39.0,19.03
1781721114,41.8,39.0,20.07
1781721119,41.5,39.0,19.09
1781721124,41.5,39.0,19.08
1781721129,41.2,39.0,20.04
1781721134,41.5,39.0,19.03
1781721139,41.4,39.0,20.05
1781721144,41.2,39.0,20.08
1781721149,41.4,40.0,21.06
1781721154,41.5,39.0,20.06
1781721159,41.1,39.0,19.07
1781721164,41.5,39.0,22.00
1781721169,41.1,39.0,19.07
1781721174,41.1,38.0,20.04
1781721179,40.9,39.0,20.02
1781721184,41.1,38.0,19.05
1781721189,41.1,39.0,20.00
1781721194,41.0,38.0,20.03
1781721199,41.1,39.0,19.09
1781721204,41.1,38.0,19.06
1781721209,41.2,39.0,19.08
1781721214,41.6,39.0,20.03
1781721219,42.0,40.0,20.03
1781721224,42.4,40.0,19.03
1781721229,43.0,40.0,19.08
1781721234,43.1,41.0,19.03
1781721239,43.5,41.0,20.06
1781721244,43.8,41.0,20.02
1781721249,44.0,41.0,19.09
1781721254,44.0,41.0,20.05
1781721259,44.0,41.0,20.04
1781721264,43.8,41.0,20.08
1781721269,43.5,41.0,20.06
1781721274,43.2,40.0,20.05
1781721279,43.2,40.0,20.04
1781721284,43.1,40.0,20.08
1781721289,43.2,40.0,20.06
1781721294,42.9,40.0,20.00
1781721299,43.0,40.0,20.05
1781721304,42.6,40.0,20.05
1781721309,42.4,40.0,20.01
1781721314,42.5,40.0,19.08
1781721319,42.4,40.0,19.02
1781721324,42.2,39.0,19.05
1781721329,42.0,39.0,19.07
1781721334,42.0,39.0,20.00
1781721339,41.8,39.0,20.04
1781721344,41.9,39.0,21.04
1781721349,41.8,39.0,20.05
1781721354,41.9,39.0,20.03
1781721359,41.8,39.0,20.01
1781721364,41.8,39.0,20.02
1781721369,41.8,39.0,20.02
1781721374,41.6,39.0,19.10
1781721379,41.6,39.0,19.03
1781721384,41.6,39.0,19.06
1781721389,41.5,39.0,20.06
1781721394,41.4,38.0,19.04
1781721399,41.6,39.0,20.00
1781721404,41.5,39.0,20.06
1781721409,41.8,39.0,22.07
1781721414,41.5,39.0,20.02
1781721419,41.4,39.0,19.09
1781721424,41.4,39.0,19.07
1781721429,41.1,39.0,19.05
1781721434,41.5,39.0,20.01
1781721439,41.2,38.0,19.08
1781721444,41.5,39.0,19.07
1781721449,41.1,39.0,19.01
1781721454,41.4,39.0,19.05
1781721459,41.2,39.0,19.08
1781721464,41.2,39.0,20.03
1781721470,41.4,39.0,21.06
1781721475,41.2,39.0,20.05
1781721480,41.1,39.0,21.05
1781721485,41.4,39.0,20.00
1781721490,41.1,39.0,19.06
1781721495,41.1,39.0,20.05
1781721500,41.2,38.0,20.06
1781721505,41.5,39.0,23.04
1781721510,41.4,39.0,22.06
1781721515,41.4,39.0,21.09
1781721520,42.0,39.0,22.03
1781721525,42.0,40.0,22.00
1781721530,42.5,40.0,21.09
1781721535,42.8,40.0,23.02
1781721540,43.1,41.0,22.01
1781721545,43.4,40.0,21.05
1781721550,44.2,41.0,23.10
1781721555,44.1,41.0,22.02
1781721560,44.1,41.0,22.00
1781721565,44.1,41.0,21.08
1781721570,44.1,41.0,21.04
1781721575,43.8,41.0,21.07
1781721580,48.6,42.0,38.09
1781721585,45.9,41.0,21.09
1781721590,43.8,41.0,20.08
1781721595,43.5,40.0,20.02
1781721600,43.6,40.0,21.00
1781721605,43.2,40.0,19.07
1781721610,43.0,40.0,20.01
1781721615,43.0,40.0,20.09
1781721620,43.1,40.0,24.09
1781721625,42.8,40.0,22.07
1781721630,42.8,40.0,22.09
1781721635,43.1,40.0,24.04
1781721640,42.8,40.0,21.08
